<?xml version="1.0" encoding="UTF-8"?>
<objects serializationModel="Studio.01.10.00">
    <object class="Workspace" id="{5cbfba4c-9c07-4416-a5e8-8a86f06ec432}">
        <relationship name="projectSettings">
            <destination>{b9b9625c-9f2a-4e91-8bcb-e8ef2cc670c7}</destination>
        </relationship>
        <relationship name="changelist">
            <destination>{9e0887df-f938-4485-8197-c7d50d269b2c}</destination>
        </relationship>
        <relationship name="profilerSessionFolder">
            <destination>{7ba6b15d-97a8-4e33-ac9b-86da4aedaebe}</destination>
        </relationship>
    </object>
    <object class="ProjectSettings" id="{b9b9625c-9f2a-4e91-8bcb-e8ef2cc670c7}">
        <relationship name="activePlatform">
            <destination>{304ebf69-0755-4054-a5a3-0ae54bcc72f4}</destination>
        </relationship>
    </object>
    <object class="WorkspaceChangelist" id="{9e0887df-f938-4485-8197-c7d50d269b2c}"/>
</objects>
