<?xml version="1.0" encoding="UTF-8"?>
<objects serializationModel="Studio.01.10.00">
    <object class="Workspace" id="{5cbfba4c-9c07-4416-a5e8-8a86f06ec432}">
        <relationship name="masterEventFolder">
            <destination>{c94e1612-461c-4451-9e58-9269d45982d0}</destination>
        </relationship>
        <relationship name="masterTagFolder">
            <destination>{4b117dcd-308b-4da3-bf93-b28ebabe6f94}</destination>
        </relationship>
        <relationship name="masterEffectPresetFolder">
            <destination>{d54fedff-608c-49b3-98e8-dd6e659b5395}</destination>
        </relationship>
        <relationship name="masterParameterPresetFolder">
            <destination>{80ee1a29-2bfc-48ff-91f1-59b5adbb1e24}</destination>
        </relationship>
        <relationship name="masterBankFolder">
            <destination>{6dd09484-70da-4078-b681-942a50c24b2c}</destination>
        </relationship>
        <relationship name="masterAssetFolder">
            <destination>{303b5838-5b07-4db2-bada-04d6904acf10}</destination>
        </relationship>
        <relationship name="mixer">
            <destination>{5f41e522-051d-4676-a722-fd8d87009dcc}</destination>
        </relationship>
        <relationship name="platforms">
            <destination>{304ebf69-0755-4054-a5a3-0ae54bcc72f4}</destination>
        </relationship>
    </object>
</objects>
